path (click to see more detail),act. lumi (fb-1),eff. lumi (fb-1),counts,first run,last run,dataset(s)
HLT_BTagMu_AK8Jet300_Mu5_v,20.2,10.1,,391658,395239,BTagMu
HLT_BTagMu_AK4DiJet20_Mu5_v,20.2,0.0055,,391658,395239,BTagMu
HLT_BTagMu_AK4DiJet40_Mu5_v,20.2,0.036,,391658,395239,BTagMu
HLT_BTagMu_AK4DiJet70_Mu5_v,20.2,0.22,,391658,395239,BTagMu
HLT_BTagMu_AK4DiJet110_Mu5_v,20.2,0.78,,391658,395239,BTagMu
HLT_BTagMu_AK4DiJet170_Mu5_v,20.2,3.4,,391658,395239,BTagMu
HLT_BTagMu_AK4Jet300_Mu5_v,20.2,20.2,,391658,395239,BTagMu
HLT_BTagMu_AK8DiJet170_Mu5_v,20.2,1.7,,391658,395239,BTagMu
HLT_BTagMu_AK8Jet170_DoubleMu5_v,20.2,20.2,,391658,395239,BTagMu
HLT_IsoTrackHE_v,0.26,0.086,,391658,392112,Commissioning
HLT_IsoTrackHB_v,0.26,0.043,,391658,392112,Commissioning
HLT_L1_CDC_SingleMu_3_er1p2_TOP120_DPHI2p618_3p142_v,20.2,0.22,,391658,395239,Commissioning
HLT_PFJet40_GPUvsCPU_v,20.2,20.2,,391658,395239,Commissioning
HLT_L1SingleMuCosmics_v,0,0,,391658,395239,Cosmics
HLT_DiSC30_18_EIso_AND_HE_Mass70_v,20.2,0.079,,391658,395239,EGamma[0-3]
HLT_DoublePhoton85_v,20.2,20.2,,391658,395239,EGamma[0-3]
HLT_Ele115_CaloIdVT_GsfTrkIdT_v,20.2,20.2,,391658,395239,EGamma[0-3]
HLT_Photon300_NoHE_v,20.2,20.2,,391658,395239,EGamma[0-3]
HLT_Ele12_CaloIdL_TrackIdL_IsoVL_PFJet30_v,20.2,0.01,,391658,395239,EGamma[0-3]
HLT_Ele23_CaloIdL_TrackIdL_IsoVL_PFJet30_v,20.2,0.01,,391658,395239,EGamma[0-3]
HLT_Ele23_Ele12_CaloIdL_TrackIdL_IsoVL_DZ_v,20.2,20.2,,391658,395239,EGamma[0-3]
HLT_Ele23_Ele12_CaloIdL_TrackIdL_IsoVL_v,20.2,20.2,,391658,395239,EGamma[0-3]
HLT_Photon50_v,20.2,0.0033,,391658,395239,EGamma[0-3]
HLT_Photon75_v,20.2,0.04,,391658,395239,EGamma[0-3]
HLT_Photon90_v,20.2,0.04,,391658,395239,EGamma[0-3]
HLT_Photon120_v,20.2,0.16,,391658,395239,EGamma[0-3]
HLT_Photon175_v,20.2,0.32,,391658,395239,EGamma[0-3]
HLT_Photon50_R9Id90_HE10_IsoM_v,20.2,0.079,,391658,395239,EGamma[0-3]
HLT_Photon75_R9Id90_HE10_IsoM_v,20.2,0.32,,391658,395239,EGamma[0-3]
HLT_Photon90_R9Id90_HE10_IsoM_v,20.2,0.63,,391658,395239,EGamma[0-3]
HLT_Photon120_R9Id90_HE10_IsoM_v,20.2,2.5,,391658,395239,EGamma[0-3]
HLT_Photon165_R9Id90_HE10_IsoM_v,20.2,5.1,,391658,395239,EGamma[0-3]
HLT_Ele15_IsoVVVL_PFHT600_v,20.2,20.2,,391658,395239,EGamma[0-3]
HLT_Ele8_CaloIdM_TrackIdM_PFJet30_v,20.2,0.0022,,391658,395239,EGamma[0-3]
HLT_Ele23_CaloIdM_TrackIdM_PFJet30_v,20.2,0.01,,391658,395239,EGamma[0-3]
HLT_ECALHT800_v,20.2,20.2,,391658,395239,EGamma[0-3]
HLT_Photon150_v,20.2,0.16,,391658,395239,EGamma[0-3]
HLT_Ele32_WPTight_Gsf_v,20.2,20.2,,391658,395239,EGamma[0-3]
HLT_DoubleEle33_CaloIdL_MW_v,20.2,20.2,,391658,395239,EGamma[0-3]
HLT_Ele8_CaloIdL_TrackIdL_IsoVL_PFJet30_v,20.2,0.0022,,391658,395239,EGamma[0-3]
HLT_Ele17_CaloIdM_TrackIdM_PFJet30_v,20.2,0.01,,391658,395239,EGamma[0-3]
HLT_Ele50_CaloIdVT_GsfTrkIdT_PFJet165_v,20.2,20.2,,391658,395239,EGamma[0-3]
HLT_Ele30_WPTight_Gsf_v,20.2,20.2,,391658,395239,EGamma[0-3]
HLT_Photon20_HoverELoose_v,20.2,0.0011,,391658,395239,EGamma[0-3]
HLT_Photon30_HoverELoose_v,20.2,0.0022,,391658,395239,EGamma[0-3]
HLT_DoublePhoton33_CaloIdL_v,20.2,0.32,,391658,395239,EGamma[0-3]
HLT_DoublePhoton70_v,20.2,20.2,,391658,395239,EGamma[0-3]
HLT_Ele35_WPTight_Gsf_v,20.2,20.2,,391658,395239,EGamma[0-3]
HLT_Ele38_WPTight_Gsf_v,20.2,20.2,,391658,395239,EGamma[0-3]
HLT_Ele40_WPTight_Gsf_v,20.2,20.2,,391658,395239,EGamma[0-3]
HLT_Ele32_WPTight_Gsf_L1DoubleEG_v,20.2,20.2,,391658,395239,EGamma[0-3]
HLT_Photon33_v,20.2,0.00077,,391658,395239,EGamma[0-3]
HLT_Photon200_v,20.2,20.2,,391658,395239,EGamma[0-3]
HLT_Diphoton30_22_R9Id_OR_IsoCaloId_AND_HE_R9Id_Mass90_v,20.2,20.2,,391658,395239,EGamma[0-3]
HLT_Diphoton30_22_R9Id_OR_IsoCaloId_AND_HE_R9Id_Mass95_v,20.2,20.2,,391658,395239,EGamma[0-3]
HLT_DoubleEle8_CaloIdM_TrackIdM_Mass8_DZ_PFHT350_v,20.2,20.2,,391658,395239,EGamma[0-3]
HLT_DoubleEle8_CaloIdM_TrackIdM_Mass8_PFHT350_v,20.2,20.2,,391658,395239,EGamma[0-3]
HLT_DiEle27_WPTightCaloOnly_L1DoubleEG_v,20.2,20.2,,391658,395239,EGamma[0-3]
HLT_Ele28_HighEta_SC20_Mass55_v,20.2,20.2,,391658,395239,EGamma[0-3]
HLT_Ele15_IsoVVVL_PFHT450_PFMET50_v,20.2,20.2,,391658,395239,EGamma[0-3]
HLT_Ele15_IsoVVVL_PFHT450_v,20.2,20.2,,391658,395239,EGamma[0-3]
HLT_Ele50_IsoVVVL_PFHT450_v,20.2,20.2,,391658,395239,EGamma[0-3]
HLT_Ele135_CaloIdVT_GsfTrkIdT_v,20.2,20.2,,391658,395239,EGamma[0-3]
HLT_DoubleEle25_CaloIdL_MW_v,20.2,20.2,,391658,395239,EGamma[0-3]
HLT_DoubleEle27_CaloIdL_MW_v,20.2,20.2,,391658,395239,EGamma[0-3]
HLT_Photon75_R9Id90_HE10_IsoM_EBOnly_PFJetsMJJ300DEta3_v,20.2,20.2,,391658,395239,EGamma[0-3]
HLT_Photon110EB_TightID_TightIso_v,20.2,20.2,,391658,395239,EGamma[0-3]
HLT_Photon100EBHE10_v,20.2,0.63,,391658,395239,EGamma[0-3]
HLT_Photon35_TwoProngs35_v,20.2,20.2,,391658,395239,EGamma[0-3]
HLT_Photon30EB_TightID_TightIso_v,20.2,0.11,,391658,395239,EGamma[0-3]
HLT_Diphoton30_18_R9IdL_AND_HE_AND_IsoCaloId_Mass55_v,20.2,20.2,,391658,395239,EGamma[0-3]
HLT_Diphoton30_18_R9IdL_AND_HE_AND_IsoCaloId_v,20.2,20.2,,391658,395239,EGamma[0-3]
HLT_DiPhoton10Time1ns_v,20.2,20.2,,391658,395239,EGamma[0-3]
HLT_DiPhoton10Time1p2ns_v,20.2,20.2,,391658,395239,EGamma[0-3]
HLT_DiPhoton10Time1p4ns_v,20.2,20.2,,391658,395239,EGamma[0-3]
HLT_DiPhoton10Time1p6ns_v,20.2,20.2,,391658,395239,EGamma[0-3]
HLT_DiPhoton10Time1p8ns_v,20.2,20.2,,391658,395239,EGamma[0-3]
HLT_DiPhoton10Time2ns_v,20.2,20.2,,391658,395239,EGamma[0-3]
HLT_DiPhoton10_CaloIdL_v,20.2,0.001,,391658,395239,EGamma[0-3]
HLT_DoubleEle6p5_eta1p22_mMax6_v,20.2,2.3,,391658,395239,EGamma[0-3]
HLT_DoubleEle8_eta1p22_mMax6_v,0.26,0.26,,391658,395239,EGamma[0-3]
HLT_DoubleEle10_eta1p22_mMax6_v,0.26,0.26,,391658,395239,EGamma[0-3]
HLT_Diphoton20_14_eta1p5_R9IdL_AND_HE_AND_IsoTCaloIdT_v,20.2,0.2,,391658,395239,EGamma[0-3]
HLT_Diphoton20_14_eta1p5_R9IdL_AND_HET_AND_IsoTCaloIdT_v,20.2,0.2,,391658,395239,EGamma[0-3]
HLT_Diphoton22_14_eta1p5_R9IdL_AND_HE_AND_IsoTCaloIdT_v,20.2,0.2,,391658,395239,EGamma[0-3]
HLT_Diphoton22_14_eta1p5_R9IdL_AND_HET_AND_IsoTCaloIdT_v,20.2,20.2,,391658,395239,EGamma[0-3]
HLT_Ele50_CaloIdVT_GsfTrkIdT_AK8PFJet230_SoftDropMass40_v,20.2,20.2,,391658,395239,EGamma[0-3]
HLT_SingleEle8_v,20.2,0.2,,391658,395239,EGamma[0-3]
HLT_SingleEle8_SingleEGL1_v,0.26,0.000017,,391658,395239,EGamma[0-3]
HLT_Photon50EB_TightID_TightIso_v,20.2,20.2,,391658,395239,EGamma[0-3]
HLT_Photon75EB_TightID_TightIso_v,20.2,20.2,,391658,395239,EGamma[0-3]
HLT_Photon90EB_TightID_TightIso_v,20.2,20.2,,391658,395239,EGamma[0-3]
HLT_Photon60_R9Id90_CaloIdL_IsoL_DisplacedIdL_PFHT350_v,20.2,20.2,,391658,395239,EGamma[0-3]
HLT_Photon60_R9Id90_CaloIdL_IsoL_DisplacedIdL_PFHT380_v,20.2,20.2,,391658,395239,EGamma[0-3]
HLT_Photon60_R9Id90_CaloIdL_IsoL_DisplacedIdL_PFHT400_v,20.2,20.2,,391658,395239,EGamma[0-3]
HLT_Ele50_CaloIdVT_GsfTrkIdT_AK8PFJet220_SoftDropMass40_v,20.2,20.2,,391658,395239,EGamma[0-3]
HLT_Diphoton24_14_eta1p5_R9IdL_AND_HET_AND_IsoTCaloIdT_v,20.2,20.2,,391658,395239,EGamma[0-3]
HLT_Diphoton24_16_eta1p5_R9IdL_AND_HET_AND_IsoTCaloIdT_v,20.2,20.2,,391658,395239,EGamma[0-3]
HLT_Photon32_OneProng32_M50To105_v,20.2,20.2,,391658,395239,EGamma[0-3]
HLT_Photon60_R9Id90_HE10_IsoM_EBOnly_PFJetsMJJ300DEta3_v,20.2,20.2,,391658,395239,EGamma[0-3]
HLT_Ele50_CaloIdVT_GsfTrkIdT_AK8PFJet220_SoftDropMass40_PNetBB0p06_v,20.2,20.2,,391658,395239,EGamma[0-3]
HLT_Ele50_CaloIdVT_GsfTrkIdT_AK8PFJet230_SoftDropMass40_PNetBB0p06_v,20.2,20.2,,391658,395239,EGamma[0-3]
HLT_Ele50_CaloIdVT_GsfTrkIdT_AK8PFJet230_SoftDropMass40_PNetBB0p10_v,20.2,20.2,,391658,395239,EGamma[0-3]
HLT_Photon50_TimeLtNeg2p5ns_v,20.2,0.81,,391658,395239,EGamma[0-3]
HLT_Photon50_TimeGt2p5ns_v,20.2,4,,391658,395239,EGamma[0-3]
HLT_Photon50EB_v,20.2,0.079,,391658,395239,EGamma[0-3]
HLT_Photon50EB_TightID_TightIso_PFJet30_v,20.2,20.2,,391658,395239,EGamma[0-3]
HLT_Photon55EB_TightID_TightIso_v,20.2,20.2,,391658,395239,EGamma[0-3]
HLT_Photon110EB_TightID_TightIso_PFJet30_v,20.2,20.2,,391658,395239,EGamma[0-3]
HLT_Ele24_eta2p1_WPTight_Gsf_PNetTauhPFJet30_Tight_eta2p3_CrossL1_v,20.2,20.2,,391658,395239,EGamma[0-3]
HLT_Ele24_eta2p1_WPTight_Gsf_PNetTauhPFJet30_Medium_eta2p3_CrossL1_v,20.2,20.2,,391658,395239,EGamma[0-3]
HLT_Ele24_eta2p1_WPTight_Gsf_PNetTauhPFJet30_Loose_eta2p3_CrossL1_v,20.2,20.2,,391658,395239,EGamma[0-3]
HLT_Photon34_R9Id90_CaloIdL_IsoL_DisplacedIdL_MediumChargedIsoDisplacedPFTauHPS34_v,20.2,20.2,,391658,395239,EGamma[0-3]
HLT_Photon50EB_TightID_TightIso_CaloJet30_v,20.2,20.2,,391658,395239,EGamma[0-3]
HLT_Photon50EB_TightID_TightIso_AK8PFJet30_v,20.2,20.2,,391658,395239,EGamma[0-3]
HLT_Photon50EB_TightID_TightIso_AK8CaloJet30_v,20.2,20.2,,391658,395239,EGamma[0-3]
HLT_Photon110EB_TightID_TightIso_CaloJet30_v,20.2,20.2,,391658,395239,EGamma[0-3]
HLT_Photon110EB_TightID_TightIso_AK8PFJet30_v,20.2,20.2,,391658,395239,EGamma[0-3]
HLT_Photon110EB_TightID_TightIso_AK8CaloJet30_v,20.2,20.2,,391658,395239,EGamma[0-3]
HLT_Ele14_eta2p5_IsoVVVL_Gsf_PFHT200_PNetBTag0p53_v,20.2,20.2,,391658,395239,EGamma[0-3]
HLT_Photon45EB_v,20.2,0.079,,391658,395239,EGamma[0-3]
HLT_Photon40EB_v,20.2,0.079,,391658,395239,EGamma[0-3]
HLT_Photon40EB_TightID_TightIso_v,20.2,20.2,,391658,395239,EGamma[0-3]
HLT_Photon45EB_TightID_TightIso_v,20.2,20.2,,391658,395239,EGamma[0-3]
HLT_DiphotonMVA14p25_Low_Mass60_v,20.2,20.2,,391658,395239,EGamma[0-3]
HLT_DiphotonMVA14p25_Medium_Mass60_v,20.2,20.2,,391658,395239,EGamma[0-3]
HLT_DiphotonMVA14p25_High_Mass60_v,20.2,20.2,,391658,395239,EGamma[0-3]
HLT_DiphotonMVA14p25_TightLow_Mass60_v,20.2,20.2,,391658,395239,EGamma[0-3]
HLT_DiphotonMVA14p25_TightMedium_Mass60_v,20.2,20.2,,391658,395239,EGamma[0-3]
HLT_DiphotonMVA14p25_TightHigh_Mass60_v,20.2,20.2,,391658,395239,EGamma[0-3]
HLT_Diphoton15_10_EBEB_TightID_ECALTrackIsoDr0p2_v,20,20,,392175,395239,EGamma[0-3]
HLT_Diphoton15_12_EBEB_TightID_ECALTrackIsoDr0p2_v,20,20,,392175,395239,EGamma[0-3]
HLT_Diphoton15_10_EBEB_TightID_ECALTrackIsoDr0p2to0p4_v,20,20,,392175,395239,EGamma[0-3]
HLT_Diphoton15_12_EBEB_TightID_ECALTrackIsoDr0p2to0p4_v,20,20,,392175,395239,EGamma[0-3]
HLT_Dielectron12_5_EBEB_TightID_ECALTrackIsoDr0p2_v,20,20,,392175,395239,EGamma[0-3]
HLT_Dielectron12_5_EBEB_TightID_ECALTrackIsoDr0p2to0p4_v,20,20,,392175,395239,EGamma[0-3]
HLT_L1AlwaysTrue_v,0.19,0.0043,,391658,395239,EmittanceScan[0-5]
HLT_EphemeralPhysics_v,0.13,0.002,,391658,395239,EphemeralHLTPhysics[0-19]
HLT_EphemeralZeroBias_v,0.39,0.00048,,391658,395239,EphemeralZeroBias[0-19]
HLT_HcalNZS_v,20.2,20.2,,391658,395239,HcalNZS
HLT_HcalPhiSym_v,20.2,20.2,,391658,395239,HcalNZS
HLT_Physics_v,20.2,0.4,,391658,395239,HLTPhysics
HLT_CaloJet500_NoJetID_v,20.2,20.2,,391658,395239,"JetMET[0,1]"
HLT_PFJet40_v,20.2,0.000056,,391658,395239,"JetMET[0,1]"
HLT_PFJet60_v,20.2,0.00037,,391658,395239,"JetMET[0,1]"
HLT_PFJet80_v,20.2,0.0011,,391658,395239,"JetMET[0,1]"
HLT_PFJet140_v,20.2,0.011,,391658,395239,"JetMET[0,1]"
HLT_PFJet200_v,20.2,0.047,,391658,395239,"JetMET[0,1]"
HLT_PFJet260_v,20.2,0.16,,391658,395239,"JetMET[0,1]"
HLT_PFJet320_v,20.2,0.63,,391658,395239,"JetMET[0,1]"
HLT_PFJet400_v,20.2,1.3,,391658,395239,"JetMET[0,1]"
HLT_PFJet450_v,20.2,2.5,,391658,395239,"JetMET[0,1]"
HLT_PFJet500_v,20.2,20.2,,391658,395239,"JetMET[0,1]"
HLT_DiPFJetAve40_v,20.2,0.000069,,391658,395239,"JetMET[0,1]"
HLT_DiPFJetAve60_v,20.2,0.00037,,391658,395239,"JetMET[0,1]"
HLT_DiPFJetAve80_v,20.2,0.0011,,391658,395239,"JetMET[0,1]"
HLT_DiPFJetAve140_v,20.2,0.011,,391658,395239,"JetMET[0,1]"
HLT_DiPFJetAve200_v,20.2,0.047,,391658,395239,"JetMET[0,1]"
HLT_DiPFJetAve260_v,20.2,0.16,,391658,395239,"JetMET[0,1]"
HLT_DiPFJetAve320_v,20.2,0.42,,391658,395239,"JetMET[0,1]"
HLT_DiPFJetAve400_v,20.2,1.3,,391658,395239,"JetMET[0,1]"
HLT_DiPFJetAve500_v,20.2,5.1,,391658,395239,"JetMET[0,1]"
HLT_DiPFJetAve60_HFJEC_v,20.2,0.0011,,391658,395239,"JetMET[0,1]"
HLT_DiPFJetAve80_HFJEC_v,20.2,0.0039,,391658,395239,"JetMET[0,1]"
HLT_DiPFJetAve100_HFJEC_v,20.2,0.041,,391658,395239,"JetMET[0,1]"
HLT_DiPFJetAve160_HFJEC_v,20.2,0.22,,391658,395239,"JetMET[0,1]"
HLT_DiPFJetAve220_HFJEC_v,20.2,2.5,,391658,395239,"JetMET[0,1]"
HLT_DiPFJetAve300_HFJEC_v,20.2,20.2,,391658,395239,"JetMET[0,1]"
HLT_PFHT250_v,20.2,0.0045,,391658,395239,"JetMET[0,1]"
HLT_PFHT350_v,20.2,0.079,,391658,395239,"JetMET[0,1]"
HLT_PFMET120_PFMHT120_IDTight_v,20.2,20.2,,391658,395239,"JetMET[0,1]"
HLT_HT425_v,20.2,0.04,,391658,395239,"JetMET[0,1]"
HLT_PFMETNoMu120_PFMHTNoMu120_IDTight_v,20.2,20.2,,391658,395239,"JetMET[0,1]"
HLT_AK8PFJet40_v,20.2,0.0000066,,391658,395239,"JetMET[0,1]"
HLT_AK8PFJet60_v,20.2,0.000069,,391658,395239,"JetMET[0,1]"
HLT_AK8PFJet80_v,20.2,0.00056,,391658,395239,"JetMET[0,1]"
HLT_AK8PFJet140_v,20.2,0.011,,391658,395239,"JetMET[0,1]"
HLT_AK8PFJet200_v,20.2,0.047,,391658,395239,"JetMET[0,1]"
HLT_AK8PFJet260_v,20.2,0.16,,391658,395239,"JetMET[0,1]"
HLT_AK8PFJet320_v,20.2,0.42,,391658,395239,"JetMET[0,1]"
HLT_AK8PFJet400_v,20.2,1.3,,391658,395239,"JetMET[0,1]"
HLT_AK8PFJet450_v,20.2,2.5,,391658,395239,"JetMET[0,1]"
HLT_AK8PFJet500_v,20.2,20.2,,391658,395239,"JetMET[0,1]"
HLT_CaloJet550_NoJetID_v,20.2,20.2,,391658,395239,"JetMET[0,1]"
HLT_PFHT1050_v,20.2,20.2,,391658,395239,"JetMET[0,1]"
HLT_PFHT500_PFMET100_PFMHT100_IDTight_v,20.2,20.2,,391658,395239,"JetMET[0,1]"
HLT_PFHT500_PFMET110_PFMHT110_IDTight_v,20.2,20.2,,391658,395239,"JetMET[0,1]"
HLT_PFHT700_PFMET85_PFMHT85_IDTight_v,20.2,20.2,,391658,395239,"JetMET[0,1]"
HLT_PFHT800_PFMET75_PFMHT75_IDTight_v,20.2,20.2,,391658,395239,"JetMET[0,1]"
HLT_PFMET130_PFMHT130_IDTight_v,20.2,20.2,,391658,395239,"JetMET[0,1]"
HLT_PFMET140_PFMHT140_IDTight_v,20.2,20.2,,391658,395239,"JetMET[0,1]"
HLT_AK8PFJet550_v,20.2,20.2,,391658,395239,"JetMET[0,1]"
HLT_PFJet550_v,20.2,20.2,,391658,395239,"JetMET[0,1]"
HLT_PFHT180_v,20.2,0.0016,,391658,395239,"JetMET[0,1]"
HLT_PFHT370_v,20.2,0.012,,391658,395239,"JetMET[0,1]"
HLT_PFHT430_v,20.2,0.037,,391658,395239,"JetMET[0,1]"
HLT_PFHT510_v,20.2,0.079,,391658,395239,"JetMET[0,1]"
HLT_PFHT590_v,20.2,0.16,,391658,395239,"JetMET[0,1]"
HLT_PFHT680_v,20.2,0.32,,391658,395239,"JetMET[0,1]"
HLT_PFHT780_v,20.2,0.63,,391658,395239,"JetMET[0,1]"
HLT_PFHT890_v,20.2,1.3,,391658,395239,"JetMET[0,1]"
HLT_PFMETTypeOne140_PFMHT140_IDTight_v,20.2,20.2,,391658,395239,"JetMET[0,1]"
HLT_PFJetFwd40_v,20.2,0.000069,,391658,395239,"JetMET[0,1]"
HLT_PFJetFwd60_v,20.2,0.00056,,391658,395239,"JetMET[0,1]"
HLT_PFJetFwd80_v,20.2,0.0025,,391658,395239,"JetMET[0,1]"
HLT_PFJetFwd140_v,20.2,0.041,,391658,395239,"JetMET[0,1]"
HLT_PFJetFwd200_v,20.2,0.22,,391658,395239,"JetMET[0,1]"
HLT_PFJetFwd260_v,20.2,2.5,,391658,395239,"JetMET[0,1]"
HLT_PFJetFwd320_v,20.2,5.1,,391658,395239,"JetMET[0,1]"
HLT_PFJetFwd400_v,20.2,20.2,,391658,395239,"JetMET[0,1]"
HLT_PFJetFwd450_v,20.2,20.2,,391658,395239,"JetMET[0,1]"
HLT_PFJetFwd500_v,20.2,20.2,,391658,395239,"JetMET[0,1]"
HLT_AK8PFJetFwd40_v,20.2,0.0000022,,391658,395239,"JetMET[0,1]"
HLT_AK8PFJetFwd60_v,20.2,0.00037,,391658,395239,"JetMET[0,1]"
HLT_AK8PFJetFwd80_v,20.2,0.00084,,391658,395239,"JetMET[0,1]"
HLT_AK8PFJetFwd140_v,20.2,0.02,,391658,395239,"JetMET[0,1]"
HLT_AK8PFJetFwd200_v,20.2,0.22,,391658,395239,"JetMET[0,1]"
HLT_AK8PFJetFwd260_v,20.2,2.5,,391658,395239,"JetMET[0,1]"
HLT_AK8PFJetFwd320_v,20.2,5.1,,391658,395239,"JetMET[0,1]"
HLT_AK8PFJetFwd400_v,20.2,20.2,,391658,395239,"JetMET[0,1]"
HLT_AK8PFJetFwd450_v,20.2,20.2,,391658,395239,"JetMET[0,1]"
HLT_AK8PFJetFwd500_v,20.2,20.2,,391658,395239,"JetMET[0,1]"
HLT_PFMET120_PFMHT120_IDTight_PFHT60_v,20.2,20.2,,391658,395239,"JetMET[0,1]"
HLT_PFMETNoMu120_PFMHTNoMu120_IDTight_PFHT60_v,20.2,20.2,,391658,395239,"JetMET[0,1]"
HLT_PFMETNoMu130_PFMHTNoMu130_IDTight_v,20.2,20.2,,391658,395239,"JetMET[0,1]"
HLT_PFMETNoMu140_PFMHTNoMu140_IDTight_v,20.2,20.2,,391658,395239,"JetMET[0,1]"
HLT_L1ETMHadSeeds_v,20.2,0.02,,391658,395239,"JetMET[0,1]"
HLT_CaloMHT90_v,20.2,0.16,,391658,395239,"JetMET[0,1]"
HLT_CaloMET90_NotCleaned_v,20.2,0.16,,391658,395239,"JetMET[0,1]"
HLT_PFMET200_NotCleaned_v,20.2,1.3,,391658,395239,"JetMET[0,1]"
HLT_MET105_IsoTrk50_v,20.2,20.2,,391658,395239,"JetMET[0,1]"
HLT_MET120_IsoTrk50_v,20.2,20.2,,391658,395239,"JetMET[0,1]"
HLT_CaloMET350_NotCleaned_v,20.2,20.2,,391658,395239,"JetMET[0,1]"
HLT_PFMET250_NotCleaned_v,20.2,20.2,,391658,395239,"JetMET[0,1]"
HLT_PFMET300_NotCleaned_v,20.2,20.2,,391658,395239,"JetMET[0,1]"
HLT_PFMET200_BeamHaloCleaned_v,20.2,20.2,,391658,395239,"JetMET[0,1]"
HLT_PFMETTypeOne200_BeamHaloCleaned_v,20.2,20.2,,391658,395239,"JetMET[0,1]"
HLT_Mu12eta2p3_v,20.2,0.0031,,391658,395239,"JetMET[0,1]"
HLT_Mu12eta2p3_PFJet40_v,20.2,0.00068,,391658,395239,"JetMET[0,1]"
HLT_AK8PFJet230_SoftDropMass40_v,20.2,0.2,,391658,395239,"JetMET[0,1]"
HLT_L1Mu6HT240_v,20.2,0.02,,391658,395239,"JetMET[0,1]"
HLT_PFMET105_IsoTrk50_v,20.2,20.2,,391658,395239,"JetMET[0,1]"
HLT_PFMETNoMu110_PFMHTNoMu110_IDTight_FilterHF_v,0,0,,391658,395239,"JetMET[0,1]"
HLT_PFMETNoMu120_PFMHTNoMu120_IDTight_FilterHF_v,20.2,20.2,,391658,395239,"JetMET[0,1]"
HLT_PFMETNoMu130_PFMHTNoMu130_IDTight_FilterHF_v,20.2,20.2,,391658,395239,"JetMET[0,1]"
HLT_PFMETNoMu140_PFMHTNoMu140_IDTight_FilterHF_v,20.2,20.2,,391658,395239,"JetMET[0,1]"
HLT_PFJet110_v,20.2,0.0038,,391658,395239,"JetMET[0,1]"
HLT_DiPFJetAve260_HFJEC_v,20.2,20.2,,391658,395239,"JetMET[0,1]"
HLT_AK8PFJet220_SoftDropMass40_v,20.2,0.17,,391658,395239,"JetMET[0,1]"
HLT_AK8PFJet220_SoftDropMass40_PNetBB0p06_DoubleAK4PFJet60_30_PNet2BTagMean0p50_v,20.2,20.2,,391658,395239,"JetMET[0,1]"
HLT_AK8PFJet220_SoftDropMass40_PNetBB0p06_DoubleAK4PFJet60_30_PNet2BTagMean0p53_v,20.2,20.2,,391658,395239,"JetMET[0,1]"
HLT_AK8PFJet220_SoftDropMass40_PNetBB0p06_DoubleAK4PFJet60_30_PNet2BTagMean0p55_v,20.2,20.2,,391658,395239,"JetMET[0,1]"
HLT_AK8PFJet220_SoftDropMass40_PNetBB0p06_DoubleAK4PFJet60_30_PNet2BTagMean0p60_v,20.2,20.2,,391658,395239,"JetMET[0,1]"
HLT_AK8PFJet230_SoftDropMass40_PNetBB0p06_v,20.2,20.2,,391658,395239,"JetMET[0,1]"
HLT_AK8PFJet230_SoftDropMass40_PNetBB0p10_v,20.2,20.2,,391658,395239,"JetMET[0,1]"
HLT_AK8PFJet230_SoftDropMass40_PNetTauTau0p03_v,20.2,20.2,,391658,395239,"JetMET[0,1]"
HLT_AK8PFJet230_SoftDropMass40_PNetTauTau0p05_v,20.2,20.2,,391658,395239,"JetMET[0,1]"
HLT_AK8PFJet250_SoftDropMass40_PNetBB0p06_v,20.2,20.2,,391658,395239,"JetMET[0,1]"
HLT_AK8PFJet250_SoftDropMass40_PNetBB0p10_v,20.2,20.2,,391658,395239,"JetMET[0,1]"
HLT_AK8PFJet250_SoftDropMass40_PNetTauTau0p03_v,20.2,20.2,,391658,395239,"JetMET[0,1]"
HLT_AK8PFJet250_SoftDropMass40_PNetTauTau0p05_v,20.2,20.2,,391658,395239,"JetMET[0,1]"
HLT_AK8PFJet275_SoftDropMass40_PNetBB0p06_v,20.2,20.2,,391658,395239,"JetMET[0,1]"
HLT_AK8PFJet275_SoftDropMass40_PNetBB0p10_v,20.2,20.2,,391658,395239,"JetMET[0,1]"
HLT_AK8PFJet275_SoftDropMass40_PNetTauTau0p03_v,20.2,20.2,,391658,395239,"JetMET[0,1]"
HLT_AK8PFJet275_SoftDropMass40_PNetTauTau0p05_v,20.2,20.2,,391658,395239,"JetMET[0,1]"
HLT_HT350_v,20.2,0.0098,,391658,395239,"JetMET[0,1]"
HLT_AK8PFJet380_SoftDropMass30_v,20.2,20.2,,391658,395239,"JetMET[0,1]"
HLT_AK8PFJet400_SoftDropMass30_v,20.2,20.2,,391658,395239,"JetMET[0,1]"
HLT_AK8PFJet425_SoftDropMass30_v,20.2,20.2,,391658,395239,"JetMET[0,1]"
HLT_AK8PFJet450_SoftDropMass30_v,20.2,20.2,,391658,395239,"JetMET[0,1]"
HLT_AK8DiPFJet250_250_SoftDropMass40_v,20.2,20.2,,391658,395239,"JetMET[0,1]"
HLT_AK8DiPFJet250_250_SoftDropMass50_v,20.2,20.2,,391658,395239,"JetMET[0,1]"
HLT_AK8DiPFJet260_260_SoftDropMass30_v,20.2,20.2,,391658,395239,"JetMET[0,1]"
HLT_AK8DiPFJet260_260_SoftDropMass40_v,20.2,20.2,,391658,395239,"JetMET[0,1]"
HLT_AK8DiPFJet270_270_SoftDropMass30_v,20.2,20.2,,391658,395239,"JetMET[0,1]"
HLT_AK8DiPFJet280_280_SoftDropMass30_v,20.2,20.2,,391658,395239,"JetMET[0,1]"
HLT_AK8DiPFJet290_290_SoftDropMass30_v,20.2,20.2,,391658,395239,"JetMET[0,1]"
HLT_DiPFJetAve180_PPSMatch_Xi0p3_QuadJet_Max2ProtPerRP_v,20.2,20.2,,391658,395239,"JetMET[0,1]"
HLT_Mu12_DoublePFJets40_PNetBTag_0p11_v,20.2,0.047,,391658,395239,"JetMET[0,1]"
HLT_Mu12_DoublePFJets100_PNetBTag_0p11_v,20.2,0.45,,391658,395239,"JetMET[0,1]"
HLT_Mu12_DoublePFJets200_PNetBTag_0p11_v,20.2,6.7,,391658,395239,"JetMET[0,1]"
HLT_Mu12_DoublePFJets350_PNetBTag_0p11_v,20.2,20.2,,391658,395239,"JetMET[0,1]"
HLT_Mu12_DoublePFJets40MaxDeta1p6_PNet2BTag_0p11_v,20.2,20.2,,391658,395239,"JetMET[0,1]"
HLT_Mu12_DoublePFJets54MaxDeta1p6_PNet2BTag_0p11_v,20.2,20.2,,391658,395239,"JetMET[0,1]"
HLT_DoublePFJets40_PNetBTag_0p11_v,20.2,0.0022,,391658,395239,"JetMET[0,1]"
HLT_DoublePFJets100_PNetBTag_0p11_v,20.2,0.06,,391658,395239,"JetMET[0,1]"
HLT_DoublePFJets200_PNetBTag_0p11_v,20.2,0.81,,391658,395239,"JetMET[0,1]"
HLT_DoublePFJets350_PNetBTag_0p11_v,20.2,6.7,,391658,395239,"JetMET[0,1]"
HLT_DoublePFJets116MaxDeta1p6_PNet2BTag_0p11_v,20.2,20.2,,391658,395239,"JetMET[0,1]"
HLT_DoublePFJets128MaxDeta1p6_PNet2BTag_0p11_v,20.2,20.2,,391658,395239,"JetMET[0,1]"
HLT_AK8PFJet275_Nch45_v,20.2,20.2,,391658,395239,"JetMET[0,1]"
HLT_AK8PFJet275_Nch40_v,20.2,20.2,,391658,395239,"JetMET[0,1]"
HLT_IsoMu20_v,20.2,0.096,,391658,395239,"Muon[0,1]"
HLT_IsoMu24_eta2p1_v,20.2,20.2,,391658,395239,"Muon[0,1]"
HLT_IsoMu27_v,20.2,20.2,,391658,395239,"Muon[0,1]"
HLT_Mu17_TrkIsoVVL_Mu8_TrkIsoVVL_v,20.2,1,,391658,395239,"Muon[0,1]"
HLT_Mu17_TrkIsoVVL_Mu8_TrkIsoVVL_DZ_v,20.2,1,,391658,395239,"Muon[0,1]"
HLT_Mu20_v,20.2,0.032,,391658,395239,"Muon[0,1]"
HLT_Mu27_v,20.2,0.04,,391658,395239,"Muon[0,1]"
HLT_Mu50_v,20.2,20.2,,391658,395239,"Muon[0,1]"
HLT_Mu55_v,20.2,20.2,,391658,395239,"Muon[0,1]"
HLT_Mu8_TrkIsoVVL_v,20.2,0.0046,,391658,395239,"Muon[0,1]"
HLT_Mu17_TrkIsoVVL_v,20.2,0.12,,391658,395239,"Muon[0,1]"
HLT_TripleMu_12_10_5_v,20.2,20.2,,391658,395239,"Muon[0,1]"
HLT_Mu15_IsoVVVL_PFHT600_v,20.2,20.2,,391658,395239,"Muon[0,1]"
HLT_Mu8_v,20.2,0.0046,,391658,395239,"Muon[0,1]"
HLT_Mu17_v,20.2,0.12,,391658,395239,"Muon[0,1]"
HLT_IsoMu24_v,20.2,20.2,,391658,395239,"Muon[0,1]"
HLT_Mu3_PFJet40_v,20.2,0.00092,,391658,395239,"Muon[0,1]"
HLT_Mu17_TrkIsoVVL_Mu8_TrkIsoVVL_DZ_Mass8_v,20.2,20.2,,391658,395239,"Muon[0,1]"
HLT_TripleMu_10_5_5_DZ_v,20.2,20.2,,391658,395239,"Muon[0,1]"
HLT_DoubleL2Mu50_v,20.2,20.2,,391658,395239,"Muon[0,1]"
HLT_Mu17_TrkIsoVVL_Mu8_TrkIsoVVL_DZ_Mass3p8_v,20.2,20.2,,391658,395239,"Muon[0,1]"
HLT_DoubleMu3_DZ_PFMET50_PFMHT60_v,20.2,20.2,,391658,395239,"Muon[0,1]"
HLT_DoubleMu3_DZ_PFMET70_PFMHT70_v,20.2,20.2,,391658,395239,"Muon[0,1]"
HLT_DoubleMu3_DZ_PFMET90_PFMHT90_v,20.2,20.2,,391658,395239,"Muon[0,1]"
HLT_DoubleMu43NoFiltersNoVtx_v,20.2,20.2,,391658,395239,"Muon[0,1]"
HLT_DoubleMu48NoFiltersNoVtx_v,20.2,20.2,,391658,395239,"Muon[0,1]"
HLT_Mu15_IsoVVVL_PFHT450_PFMET50_v,20.2,20.2,,391658,395239,"Muon[0,1]"
HLT_Mu15_IsoVVVL_PFHT450_v,20.2,20.2,,391658,395239,"Muon[0,1]"
HLT_Mu50_IsoVVVL_PFHT450_v,20.2,20.2,,391658,395239,"Muon[0,1]"
HLT_TrkMu12_DoubleTrkMu5NoFiltersNoVtx_v,20.2,20.2,,391658,395239,"Muon[0,1]"
HLT_Mu37_TkMu27_v,20.2,20.2,,391658,395239,"Muon[0,1]"
HLT_Mu19_TrkIsoVVL_Mu9_TrkIsoVVL_v,20.2,1,,391658,395239,"Muon[0,1]"
HLT_Mu19_TrkIsoVVL_Mu9_TrkIsoVVL_DZ_v,20.2,1,,391658,395239,"Muon[0,1]"
HLT_Mu19_TrkIsoVVL_Mu9_TrkIsoVVL_DZ_Mass8_v,20.2,20.2,,391658,395239,"Muon[0,1]"
HLT_Mu19_TrkIsoVVL_Mu9_TrkIsoVVL_DZ_Mass3p8_v,20.2,20.2,,391658,395239,"Muon[0,1]"
HLT_Mu19_TrkIsoVVL_v,20.2,0.12,,391658,395239,"Muon[0,1]"
HLT_Mu19_v,20.2,0.12,,391658,395239,"Muon[0,1]"
HLT_Mu18_Mu9_SameSign_v,20.2,20.2,,391658,395239,"Muon[0,1]"
HLT_DoubleMu3_DCA_PFMET50_PFMHT60_v,20.2,20.2,,391658,395239,"Muon[0,1]"
HLT_Mu15_v,20.2,0.12,,391658,395239,"Muon[0,1]"
HLT_DoubleL2Mu30NoVtx_2Cha_CosmicSeed_Eta2p4_v,20.2,20.2,,391658,395239,"Muon[0,1]"
HLT_DoubleL2Mu30NoVtx_2Cha_Eta2p4_v,20.2,20.2,,391658,395239,"Muon[0,1]"
HLT_DoubleL2Mu23NoVtx_2Cha_CosmicSeed_v,20.2,20.2,,391658,395239,"Muon[0,1]"
HLT_DoubleL2Mu25NoVtx_2Cha_CosmicSeed_v,20.2,20.2,,391658,395239,"Muon[0,1]"
HLT_DoubleL2Mu25NoVtx_2Cha_CosmicSeed_Eta2p4_v,20.2,20.2,,391658,395239,"Muon[0,1]"
HLT_DoubleL2Mu23NoVtx_2Cha_v,20.2,20.2,,391658,395239,"Muon[0,1]"
HLT_DoubleL2Mu25NoVtx_2Cha_v,20.2,20.2,,391658,395239,"Muon[0,1]"
HLT_DoubleL2Mu25NoVtx_2Cha_Eta2p4_v,20.2,20.2,,391658,395239,"Muon[0,1]"
HLT_DoubleMu4_Mass3p8_DZ_PFHT350_v,20.2,20.2,,391658,395239,"Muon[0,1]"
HLT_TripleMu_5_3_3_Mass3p8_DZ_v,20.2,20.2,,391658,395239,"Muon[0,1]"
HLT_Mu3er1p5_PFJet100er2p5_PFMET80_PFMHT80_IDTight_v,0,0,,391658,395239,"Muon[0,1]"
HLT_Mu3er1p5_PFJet100er2p5_PFMET90_PFMHT90_IDTight_v,20.2,20.2,,391658,395239,"Muon[0,1]"
HLT_Mu3er1p5_PFJet100er2p5_PFMET100_PFMHT100_IDTight_v,20.2,20.2,,391658,395239,"Muon[0,1]"
HLT_Mu3er1p5_PFJet100er2p5_PFMETNoMu80_PFMHTNoMu80_IDTight_v,0,0,,391658,395239,"Muon[0,1]"
HLT_Mu3er1p5_PFJet100er2p5_PFMETNoMu90_PFMHTNoMu90_IDTight_v,0,0,,391658,395239,"Muon[0,1]"
HLT_Mu3er1p5_PFJet100er2p5_PFMETNoMu100_PFMHTNoMu100_IDTight_v,20.2,20.2,,391658,395239,"Muon[0,1]"
HLT_TripleMu_5_3_3_Mass3p8_DCA_v,20.2,20.2,,391658,395239,"Muon[0,1]"
HLT_IsoMu24_TwoProngs35_v,20.2,20.2,,391658,395239,"Muon[0,1]"
HLT_CascadeMu100_v,20.2,20.2,,391658,395239,"Muon[0,1]"
HLT_HighPtTkMu100_v,20.2,20.2,,391658,395239,"Muon[0,1]"
HLT_DoubleL2Mu10NoVtx_2Cha_VetoL3Mu0DxyMax1cm_v,20.2,20.2,,391658,395239,"Muon[0,1]"
HLT_DoubleL3Mu16_10NoVtx_DxyMin0p01cm_v,20.2,20.2,,391658,395239,"Muon[0,1]"
HLT_CscCluster_Loose_v,20.2,20.2,,391658,395239,"Muon[0,1]"
HLT_CscCluster_Medium_v,20.2,20.2,,391658,395239,"Muon[0,1]"
HLT_CscCluster_Tight_v,20.2,20.2,,391658,395239,"Muon[0,1]"
HLT_L1CSCShower_DTCluster50_v,20.2,20.2,,391658,395239,"Muon[0,1]"
HLT_L1CSCShower_DTCluster75_v,20.2,20.2,,391658,395239,"Muon[0,1]"
HLT_DoubleL2Mu12NoVtx_2Cha_VetoL3Mu0DxyMax1cm_v,20.2,20.2,,391658,395239,"Muon[0,1]"
HLT_DoubleL2Mu14NoVtx_2Cha_VetoL3Mu0DxyMax1cm_v,20.2,20.2,,391658,395239,"Muon[0,1]"
HLT_DoubleL3Mu18_10NoVtx_DxyMin0p01cm_v,20.2,20.2,,391658,395239,"Muon[0,1]"
HLT_DoubleL3Mu20_10NoVtx_DxyMin0p01cm_v,20.2,20.2,,391658,395239,"Muon[0,1]"
HLT_DoubleL3dTksMu16_10NoVtx_DxyMin0p01cm_v,20.2,20.2,,391658,395239,"Muon[0,1]"
HLT_L3dTksMu10_NoVtx_DxyMin0p01cm_v,20.2,0.02,,391658,395239,"Muon[0,1]"
HLT_IsoMu50_AK8PFJet230_SoftDropMass40_v,20.2,20.2,,391658,395239,"Muon[0,1]"
HLT_DoubleL2Mu_L3Mu16NoVtx_VetoL3Mu0DxyMax0p1cm_v,20.2,20.2,,391658,395239,"Muon[0,1]"
HLT_DoubleL2Mu_L3Mu18NoVtx_VetoL3Mu0DxyMax0p1cm_v,20.2,20.2,,391658,395239,"Muon[0,1]"
HLT_DoubleL2Mu10NoVtx_2Cha_CosmicSeed_VetoL3Mu0DxyMax1cm_v,20.2,20.2,,391658,395239,"Muon[0,1]"
HLT_DoubleL2Mu12NoVtx_2Cha_CosmicSeed_VetoL3Mu0DxyMax1cm_v,20.2,20.2,,391658,395239,"Muon[0,1]"
HLT_Mu50_L1SingleMuShower_v,20.2,20.2,,391658,395239,"Muon[0,1]"
HLT_IsoMu50_AK8PFJet220_SoftDropMass40_v,20.2,20.2,,391658,395239,"Muon[0,1]"
HLT_IsoMu50_AK8PFJet220_SoftDropMass40_PNetBB0p06_v,20.2,20.2,,391658,395239,"Muon[0,1]"
HLT_IsoMu50_AK8PFJet230_SoftDropMass40_PNetBB0p06_v,20.2,20.2,,391658,395239,"Muon[0,1]"
HLT_IsoMu50_AK8PFJet230_SoftDropMass40_PNetBB0p10_v,20.2,20.2,,391658,395239,"Muon[0,1]"
HLT_DoubleCscCluster75_v,20.2,20.2,,391658,395239,"Muon[0,1]"
HLT_DoubleCscCluster100_v,20.2,20.2,,391658,395239,"Muon[0,1]"
HLT_IsoMu24_OneProng32_v,20.2,20.2,,391658,395239,"Muon[0,1]"
HLT_Mu17_TrkIsoVVL_Mu8_TrkIsoVVL_DZ_Mass8_PFJet30_v,20.2,20.2,,391658,395239,"Muon[0,1]"
HLT_DoubleMu3_DCA_PFMET50_PFMHT60_Mass2p0_v,20.2,0.63,,391658,395239,"Muon[0,1]"
HLT_DoubleMu3_DCA_PFMET50_PFMHT60_Mass2p0_noDCA_v,20.2,0.63,,391658,395239,"Muon[0,1]"
HLT_IsoMu24_eta2p1_PNetTauhPFJet30_Medium_L2NN_eta2p3_CrossL1_v,20.2,20.2,,391658,395239,"Muon[0,1]"
HLT_IsoMu24_eta2p1_PNetTauhPFJet30_Tight_L2NN_eta2p3_CrossL1_v,20.2,20.2,,391658,395239,"Muon[0,1]"
HLT_IsoMu24_eta2p1_PNetTauhPFJet26_L2NN_eta2p3_CrossL1_v,20.2,20.2,,391658,395239,"Muon[0,1]"
HLT_IsoMu24_eta2p1_PNetTauhPFJet26_L2NN_eta2p3_CrossL1_PFJet60_v,20.2,20.2,,391658,395239,"Muon[0,1]"
HLT_IsoMu24_eta2p1_PNetTauhPFJet26_L2NN_eta2p3_CrossL1_PFJet75_v,20.2,20.2,,391658,395239,"Muon[0,1]"
HLT_IsoMu24_eta2p1_PNetTauhPFJet30_Tight_eta2p3_CrossL1_ETau_Monitoring_v,20.2,20.2,,391658,395239,"Muon[0,1]"
HLT_IsoMu24_eta2p1_PNetTauhPFJet30_Medium_eta2p3_CrossL1_ETau_Monitoring_v,20.2,20.2,,391658,395239,"Muon[0,1]"
HLT_IsoMu24_eta2p1_PNetTauhPFJet30_Loose_eta2p3_CrossL1_ETau_Monitoring_v,20.2,20.2,,391658,395239,"Muon[0,1]"
HLT_IsoMu20_eta2p1_PNetTauhPFJet27_Tight_eta2p3_CrossL1_v,20.2,20.2,,391658,395239,"Muon[0,1]"
HLT_IsoMu20_eta2p1_PNetTauhPFJet27_Medium_eta2p3_CrossL1_v,20.2,20.2,,391658,395239,"Muon[0,1]"
HLT_IsoMu20_eta2p1_PNetTauhPFJet27_Loose_eta2p3_CrossL1_v,20.2,20.2,,391658,395239,"Muon[0,1]"
HLT_IsoMu24_eta2p1_PNetTauhPFJet20_eta2p2_SingleL1_v,20.2,20.2,,391658,395239,"Muon[0,1]"
HLT_IsoMu24_eta2p1_PNetTauhPFJet45_L2NN_eta2p3_CrossL1_v,20.2,20.2,,391658,395239,"Muon[0,1]"
HLT_IsoMu24_eta2p1_PFHT250_v,20.2,20.2,,391658,395239,"Muon[0,1]"
HLT_IsoMu24_eta2p1_PFHT250_QuadPFJet25_v,20.2,20.2,,391658,395239,"Muon[0,1]"
HLT_IsoMu24_eta2p1_PFHT250_QuadPFJet25_PNet1Tauh0p50_v,20.2,20.2,,391658,395239,"Muon[0,1]"
HLT_IsoMu24_eta2p1_SinglePFJet25_PNet1Tauh0p50_v,20.2,20.2,,391658,395239,"Muon[0,1]"
HLT_IsoMu24_eta2p1_PNetTauhPFJet130_Loose_L2NN_eta2p3_CrossL1_v,20.2,20.2,,391658,395239,"Muon[0,1]"
HLT_IsoMu24_eta2p1_PNetTauhPFJet130_Medium_L2NN_eta2p3_CrossL1_v,20.2,20.2,,391658,395239,"Muon[0,1]"
HLT_IsoMu24_eta2p1_PNetTauhPFJet130_Tight_L2NN_eta2p3_CrossL1_v,20.2,20.2,,391658,395239,"Muon[0,1]"
HLT_DisplacedMu24_MediumChargedIsoDisplacedPFTauHPS24_v,20.2,20.2,,391658,395239,"Muon[0,1]"
HLT_IsoMu27_MediumChargedIsoDisplacedPFTauHPS24_eta2p1_SingleL1_v,20.2,20.2,,391658,395239,"Muon[0,1]"
HLT_CscCluster50_Photon20Unseeded_v,20.2,20.2,,391658,395239,"Muon[0,1]"
HLT_CscCluster50_Photon30Unseeded_v,20.2,20.2,,391658,395239,"Muon[0,1]"
HLT_CscCluster100_Ele5_v,20.2,20.2,,391658,395239,"Muon[0,1]"
HLT_CscCluster100_Mu5_v,20.2,20.2,,391658,395239,"Muon[0,1]"
HLT_CscCluster100_PNetTauhPFJet10_Loose_v,20.2,20.2,,391658,395239,"Muon[0,1]"
HLT_IsoTrk200_L1SingleMuShower_v,20.2,20.2,,391658,395239,"Muon[0,1]"
HLT_IsoTrk400_L1SingleMuShower_v,20.2,20.2,,391658,395239,"Muon[0,1]"
HLT_Mu17_TrkIsoVVL_Mu8_TrkIsoVVL_DZ_Mass8_CaloJet30_v,20.2,20.2,,391658,395239,"Muon[0,1]"
HLT_Mu17_TrkIsoVVL_Mu8_TrkIsoVVL_DZ_Mass8_AK8PFJet30_v,20.2,20.2,,391658,395239,"Muon[0,1]"
HLT_Mu17_TrkIsoVVL_Mu8_TrkIsoVVL_DZ_Mass8_AK8CaloJet30_v,20.2,20.2,,391658,395239,"Muon[0,1]"
HLT_Mu12_IsoVVL_PFHT150_PNetBTag0p53_v,20.2,20.2,,391658,395239,"Muon[0,1]"
HLT_L2Mu50NoVtx_3Cha_CosmicSeed_VetoL3Mu0DxyMax1cm_v,20.2,20.2,,391658,395239,"Muon[0,1]"
HLT_L2Mu50NoVtx_3Cha_VetoL3Mu0DxyMax1cm_v,20.2,20.2,,391658,395239,"Muon[0,1]"
HLT_L3Mu30NoVtx_DxyMin0p01cm_v,20.2,20.2,,391658,395239,"Muon[0,1]"
HLT_L3Mu50NoVtx_DxyMin0p01cm_v,20.2,20.2,,391658,395239,"Muon[0,1]"
HLT_IsoMu24_eta2p1_L1HT200_v,20.2,20.2,,391658,395239,"Muon[0,1]"
HLT_IsoMu24_eta2p1_L1HT200_QuadPFJet25_v,20.2,20.2,,391658,395239,"Muon[0,1]"
HLT_IsoMu24_eta2p1_L1HT200_QuadPFJet25_PNet1Tauh0p50_v,20.2,20.2,,391658,395239,"Muon[0,1]"
HLT_Mu8_TrkIsoVVL_Ele23_CaloIdL_TrackIdL_IsoVL_v,20.2,1.3,,391658,395239,MuonEG
HLT_Mu23_TrkIsoVVL_Ele12_CaloIdL_TrackIdL_IsoVL_v,20.2,20.2,,391658,395239,MuonEG
HLT_Mu8_DiEle12_CaloIdL_TrackIdL_v,20.2,20.2,,391658,395239,MuonEG
HLT_DiMu9_Ele9_CaloIdL_TrackIdL_v,20.2,10.1,,391658,395239,MuonEG
HLT_Mu8_TrkIsoVVL_Ele23_CaloIdL_TrackIdL_IsoVL_DZ_v,20.2,20.2,,391658,395239,MuonEG
HLT_Mu12_TrkIsoVVL_Ele23_CaloIdL_TrackIdL_IsoVL_v,20.2,1.3,,391658,395239,MuonEG
HLT_Mu12_TrkIsoVVL_Ele23_CaloIdL_TrackIdL_IsoVL_DZ_v,20.2,20.2,,391658,395239,MuonEG
HLT_Mu23_TrkIsoVVL_Ele12_CaloIdL_TrackIdL_IsoVL_DZ_v,20.2,20.2,,391658,395239,MuonEG
HLT_Mu8_DiEle12_CaloIdL_TrackIdL_DZ_v,20.2,20.2,,391658,395239,MuonEG
HLT_DiMu9_Ele9_CaloIdL_TrackIdL_DZ_v,20.2,20.2,,391658,395239,MuonEG
HLT_Mu8_Ele8_CaloIdM_TrackIdM_Mass8_PFHT350_DZ_v,20.2,20.2,,391658,395239,MuonEG
HLT_Mu8_Ele8_CaloIdM_TrackIdM_Mass8_PFHT350_v,20.2,4,,391658,395239,MuonEG
HLT_Mu43NoFiltersNoVtx_Photon43_CaloIdL_v,20.2,20.2,,391658,395239,MuonEG
HLT_Mu48NoFiltersNoVtx_Photon48_CaloIdL_v,20.2,20.2,,391658,395239,MuonEG
HLT_Mu27_Ele37_CaloIdL_MW_v,20.2,20.2,,391658,395239,MuonEG
HLT_Mu37_Ele27_CaloIdL_MW_v,20.2,20.2,,391658,395239,MuonEG
HLT_Mu17_Photon30_IsoCaloId_v,20.2,20.2,,391658,395239,MuonEG
HLT_Mu38NoFiltersNoVtxDisplaced_Photon38_CaloIdL_v,20.2,20.2,,391658,395239,MuonEG
HLT_Mu43NoFiltersNoVtxDisplaced_Photon43_CaloIdL_v,20.2,20.2,,391658,395239,MuonEG
HLT_DiMu4_Ele9_CaloIdL_TrackIdL_DZ_Mass3p8_v,20.2,20.2,,391658,395239,MuonEG
HLT_Mu8_TrkIsoVVL_Ele23_CaloIdL_TrackIdL_IsoVL_DZ_PFDiJet30_v,20.2,20.2,,391658,395239,MuonEG
HLT_Mu20NoFiltersNoVtxDisplaced_Photon20_CaloCustomId_v,20.2,20.2,,391658,395239,MuonEG
HLT_Mu8_TrkIsoVVL_Ele23_CaloIdL_TrackIdL_IsoVL_DZ_DoubleAK4PFJet60_30_v,20.2,20.2,,391658,395239,MuonEG
HLT_Mu8_TrkIsoVVL_Ele23_CaloIdL_TrackIdL_IsoVL_DZ_DoubleAK4PFJet60_30_PNet2BTagMean0p50_v,20.2,20.2,,391658,395239,MuonEG
HLT_Mu8_TrkIsoVVL_Ele23_CaloIdL_TrackIdL_IsoVL_DZ_PFHT280_v,20.2,20.2,,391658,395239,MuonEG
HLT_Mu8_TrkIsoVVL_Ele23_CaloIdL_TrackIdL_IsoVL_DZ_PFHT280_QuadPFJet30_v,20.2,20.2,,391658,395239,MuonEG
HLT_Mu8_TrkIsoVVL_Ele23_CaloIdL_TrackIdL_IsoVL_DZ_PFHT280_QuadPFJet30_PNet2BTagMean0p55_v,20.2,20.2,,391658,395239,MuonEG
HLT_Mu8_TrkIsoVVL_Ele23_CaloIdL_TrackIdL_IsoVL_DZ_PFDiJet30_PNet2BTagMean0p50_v,20.2,20.2,,391658,395239,MuonEG
HLT_Mu8_TrkIsoVVL_Ele23_CaloIdL_TrackIdL_IsoVL_DZ_PFHT250_v,20.2,20.2,,391658,395239,MuonEG
HLT_Mu8_TrkIsoVVL_Ele23_CaloIdL_TrackIdL_IsoVL_DZ_PFHT250_QuadPFJet25_v,20.2,20.2,,391658,395239,MuonEG
HLT_Mu8_TrkIsoVVL_Ele23_CaloIdL_TrackIdL_IsoVL_DZ_PFHT250_QuadPFJet25_PNet2BTagMean0p55_v,20.2,20.2,,391658,395239,MuonEG
HLT_Mu8_TrkIsoVVL_Ele23_CaloIdL_TrackIdL_IsoVL_DZ_PFHT250_QuadPFJet25_PNet1BTag0p20_v,20.2,20.2,,391658,395239,MuonEG
HLT_Mu8_TrkIsoVVL_Ele23_CaloIdL_TrackIdL_IsoVL_DZ_L1HT200_v,20.2,20.2,,391658,395239,MuonEG
HLT_Mu8_TrkIsoVVL_Ele23_CaloIdL_TrackIdL_IsoVL_DZ_L1HT200_QuadPFJet20_v,20.2,20.2,,391658,395239,MuonEG
HLT_Mu8_TrkIsoVVL_Ele23_CaloIdL_TrackIdL_IsoVL_DZ_L1HT200_QuadPFJet25_v,20.2,20.2,,391658,395239,MuonEG
HLT_Mu8_TrkIsoVVL_Ele23_CaloIdL_TrackIdL_IsoVL_DZ_L1HT200_QuadPFJet25_PNet1BTag0p50_v,20.2,20.2,,391658,395239,MuonEG
HLT_L2Mu10_NoVertex_NoBPTX_v,20.2,0.04,,391658,395239,NoBPTX
HLT_L2Mu10_NoVertex_NoBPTX3BX_v,20.2,0.25,,391658,395239,NoBPTX
HLT_L2Mu40_NoVertex_3Sta_NoBPTX3BX_v,20.2,20.2,,391658,395239,NoBPTX
HLT_L2Mu45_NoVertex_3Sta_NoBPTX3BX_v,20.2,20.2,,391658,395239,NoBPTX
HLT_UncorrectedJetE30_NoBPTX_v,20.2,0.0022,,391658,395239,NoBPTX
HLT_UncorrectedJetE30_NoBPTX3BX_v,20.2,0.0022,,391658,395239,NoBPTX
HLT_UncorrectedJetE60_NoBPTX3BX_v,20.2,20.2,,391658,395239,NoBPTX
HLT_UncorrectedJetE70_NoBPTX3BX_v,20.2,20.2,,391658,395239,NoBPTX
HLT_CDC_L2cosmic_5p5_er1p0_v,20.2,2.2,,391658,395239,NoBPTX
HLT_CDC_L2cosmic_10_er1p0_v,20.2,6.7,,391658,395239,NoBPTX
DST_PFScouting_DoubleEG_v,20.2,20.2,,391658,395239,ScoutingPFMonitor
DST_PFScouting_JetHT_v,20.2,20.2,,391658,395239,ScoutingPFMonitor
DST_PFScouting_AXOTight_v,13.6,13.6,,391658,395239,ScoutingPFMonitor
DST_PFScouting_SingleMuon_v,20.2,20.2,,391658,395239,ScoutingPFMonitor
DST_PFScouting_AXOVLoose_v,0,0,,391658,395239,ScoutingPFMonitor
DST_PFScouting_AXOLoose_v,0,0,,391658,395239,ScoutingPFMonitor
DST_PFScouting_AXOVTight_v,13.6,13.6,,391658,395239,ScoutingPFMonitor
DST_PFScouting_ZeroBias_v,20.2,0.0011,,391658,395239,ScoutingPFMonitor
DST_PFScouting_SinglePhotonEB_v,20.2,20.2,,391658,395239,ScoutingPFMonitor
DST_PFScouting_CICADAVLoose_v,0,0,,391658,395239,ScoutingPFMonitor
DST_PFScouting_CICADALoose_v,13.6,13.6,,391658,395239,ScoutingPFMonitor
DST_PFScouting_CICADAMedium_v,13.6,13.6,,391658,395239,ScoutingPFMonitor
DST_PFScouting_CICADATight_v,13.6,13.6,,391658,395239,ScoutingPFMonitor
DST_PFScouting_CICADAVTight_v,13.6,13.6,,391658,395239,ScoutingPFMonitor
DST_PFScouting_DoubleMuonNoVtx_v,20.2,20.2,,391658,395239,ScoutingPFMonitor
DST_PFScouting_DoubleMuonVtx_v,20.2,20.2,,391658,395239,ScoutingPFMonitor
DST_PFScouting_DoubleMuonVtxMonitorJPsi_v,20.2,0.2,,391658,395239,ScoutingPFMonitor
DST_PFScouting_DoubleMuonVtxMonitorZ_v,20.2,10.1,,391658,395239,ScoutingPFMonitor
DST_PFScouting_AXOMedium_v,13.6,13.6,,391658,395239,ScoutingPFMonitor
HLT_TriggersForScoutingPFMonitor_PS125_v,20,0.16,,392175,395239,ScoutingPFMonitor
HLT_TriggersForScoutingPFMonitor_PS250_v,20,0.08,,392175,395239,ScoutingPFMonitor
HLT_TriggersForScoutingPFMonitor_PS500_v,20,0.04,,392175,395239,ScoutingPFMonitor
HLT_TriggersForScoutingPFMonitor_PS1000_v,20,0.02,,392175,395239,ScoutingPFMonitor
HLT_DoubleMediumChargedIsoDisplacedPFTauHPS32_Trk1_eta2p1_v,20.2,20.2,,391658,395239,Tau
HLT_DoublePNetTauhPFJet30_Medium_L2NN_eta2p3_v,20.2,20.2,,391658,395239,Tau
HLT_DoublePNetTauhPFJet30_Tight_L2NN_eta2p3_v,20.2,20.2,,391658,395239,Tau
HLT_DoublePNetTauhPFJet26_L2NN_eta2p3_PFJet60_v,20.2,20.2,,391658,395239,Tau
HLT_DoublePNetTauhPFJet26_L2NN_eta2p3_PFJet75_v,20.2,20.2,,391658,395239,Tau
HLT_SinglePNetTauhPFJet130_Loose_L2NN_eta2p3_v,20.2,20.2,,391658,395239,Tau
HLT_SinglePNetTauhPFJet130_Medium_L2NN_eta2p3_v,20.2,20.2,,391658,395239,Tau
HLT_SinglePNetTauhPFJet130_Tight_L2NN_eta2p3_v,20.2,20.2,,391658,395239,Tau
HLT_DoubleMediumChargedIsoDisplacedPFTauHPS36_Trk1_eta2p1_v,20.2,20.2,,391658,395239,Tau
HLT_DoubleMediumChargedIsoDisplacedPFTauHPS32_Trk1_eta2p1_noDxy_v,20.2,0.81,,391658,395239,Tau
HLT_Random_v,20.2,0.51,,391658,395239,ZeroBias
HLT_ZeroBias_v,20.2,0.00015,,391658,395239,ZeroBias
HLT_ZeroBias_IsolatedBunches_v,20.2,0.017,,391658,395239,ZeroBias
HLT_ZeroBias_FirstCollisionAfterAbortGap_v,20.2,0.053,,391658,395239,ZeroBias
HLT_ZeroBias_FirstCollisionInTrain_v,20.2,0.053,,391658,395239,ZeroBias
HLT_ZeroBias_FirstBXAfterTrain_v,20.2,0.0003,,391658,395239,ZeroBias
HLT_ZeroBias_LastCollisionInTrain_v,20.2,0.00029,,391658,395239,ZeroBias
HLT_ZeroBias_Alignment_v,20.2,0.0000089,,391658,395239,ZeroBias
Items per page:,,,,,,
All,,,,,,
1-508 of 508,,,,,,